{"US":{"medium":2.1780811860523666,"high":7.2162702265979215,"veryHigh":12.253325432197265},"01":{"medium":1.5833154108174934,"high":7.712734434915341,"veryHigh":15.528873134665044},"02":{"medium":1.2057819102106069,"high":9.552024919921848,"veryHigh":23.84346394434986},"04":{"medium":3.864682339318034,"high":12.899222513266931,"veryHigh":21.97475052381178},"05":{"medium":4.079638843686591,"high":13.270544674324134,"veryHigh":22.351491375932017},"06":{"medium":1.097449020098526,"high":6.731178041239078,"veryHigh":15.00551427323028},"08":{"medium":2.6078969113662533,"high":5.456536337104661,"veryHigh":7.561907326203034},"09":{"medium":2.527119041912585,"high":9.021282039039148,"veryHigh":15.83185000034162},"10":{"medium":1.7052444791464798,"high":5.955512790887969,"veryHigh":10.350926011354716},"11":{"medium":1.631453504101444,"high":10.495027192230197,"veryHigh":23.894258058309777},"12":{"medium":1.7836856484272854,"high":7.19100323120594,"veryHigh":13.31688633718639},"13":{"medium":1.1477921208343622,"high":5.995699609088517,"veryHigh":12.45029240406052},"15":{"medium":0.7197880421328546,"high":3.1641927832696624,"veryHigh":6.0882061349621335},"16":{"medium":2.306297566615078,"high":11.197153914178967,"veryHigh":22.511214630856703},"17":{"medium":1.7396245438590927,"high":6.074383065850963,"veryHigh":10.556604942274976},"18":{"medium":2.9033648170284234,"high":10.35638268195748,"veryHigh":18.168662217929256},"19":{"medium":2.528185104660732,"high":8.025693798222665,"veryHigh":13.372671872014775},"20":{"medium":2.278292565525108,"high":7.473306800325843,"veryHigh":12.6339099973945},"21":{"medium":3.0968483398947177,"high":11.735051364998949,"veryHigh":21.144914247877143},"22":{"medium":1.9916954709311272,"high":7.103455527661802,"veryHigh":12.46114982780646},"23":{"medium":2.8509839452027954,"high":11.200093794366936,"veryHigh":20.50524636467705},"24":{"medium":1.673067708477253,"high":6.066056637611703,"veryHigh":10.718980475458308},"25":{"medium":3.5493666563517614,"high":10.60529459534667,"veryHigh":17.20414690376236},"26":{"medium":2.9834484567923143,"high":9.509510267206316,"veryHigh":15.873557316027902},"27":{"medium":1.4132749618265636,"high":5.772082243387711,"veryHigh":10.75068658440182},"28":{"medium":2.656927313074382,"high":10.371436837419274,"veryHigh":18.93472436160997},"29":{"medium":3.0012272016894816,"high":11.697009852720722,"veryHigh":21.339926330908035},"30":{"medium":3.2725675532395826,"high":10.657358038239485,"veryHigh":17.959143330037843},"31":{"medium":2.7356856193832564,"high":5.934815761433011,"veryHigh":8.35732293412061},"32":{"medium":2.7706313280865618,"high":7.440807721641479,"veryHigh":11.514704021283157},"33":{"medium":2.0913281794092886,"high":6.167324661811837,"veryHigh":9.94693041200826},"34":{"medium":2.379972364761007,"high":8.277562874932308,"veryHigh":14.360385226136724},"35":{"medium":4.118393807571193,"high":15.311766665034842,"veryHigh":27.358483046682103},"36":{"medium":2.2039803551532837,"high":8.41745637533428,"veryHigh":15.21977241563564},"37":{"medium":1.4105144512270684,"high":7.0123051570349055,"veryHigh":14.246251481817698},"38":{"medium":1.9785211233688405,"high":11.328710175063062,"veryHigh":24.498490779509268},"39":{"medium":2.215974980077718,"high":8.629997047556778,"veryHigh":15.739204103552218},"40":{"medium":4.9556763683769685,"high":15.734154637896909,"veryHigh":26.218541169908185},"41":{"medium":1.428158051005156,"high":9.557893059259756,"veryHigh":22.14441702772083},"42":{"medium":2.664020237979468,"high":8.594660545838357,"veryHigh":14.423345375985509},"44":{"medium":1.2004982483350497,"high":5.760447589423538,"veryHigh":11.521112303107763},"45":{"medium":1.6937891526407325,"high":8.192660301984636,"veryHigh":16.44361264441037},"46":{"medium":2.8724580483779056,"high":9.25155154061478,"veryHigh":15.514187901158673},"47":{"medium":1.7280600623088522,"high":8.261498510617026,"veryHigh":16.49651338419748},"48":{"medium":2.5716417526933353,"high":6.620368519968214,"veryHigh":10.055313887619024},"49":{"medium":0.6644883089382008,"high":1.8731454548362303,"veryHigh":2.9614537170440305},"50":{"medium":2.320427554947882,"high":8.256602816798823,"veryHigh":14.469114481003457},"51":{"medium":1.5424238243722517,"high":6.697189869505346,"veryHigh":12.815801874638296},"53":{"medium":1.143830409516582,"high":6.2544095684532035,"veryHigh":13.252526346780655},"54":{"medium":4.500971953077801,"high":14.718063328799303,"veryHigh":24.84705871115403},"55":{"medium":2.090057625636508,"high":7.526126763535489,"veryHigh":13.258718688114936},"56":{"medium":2.8197718859462406,"high":14.239085799922243,"veryHigh":29.12867697288972},"72":{"medium":2.0372503935738813,"high":4.64956657148406,"veryHigh":6.695887770792208}}