Epidemic,Medium (40%),High (90%),Very high (97.5%),location
1.814421460961269,4.172648072103565,11.353119795324814,17.6705687557427,US
