{"CEPH-Rtrend_fluH":{"2025-11-22":{"01":{"decrease":0.0,"increase":0.16122448979591836,"stable":0.6775510204081633},"02":{"decrease":0.0,"increase":0.0,"stable":1.0},"04":{"decrease":0.0,"increase":0.18678571428571425,"stable":0.6264285714285714},"05":{"decrease":0.0,"increase":0.0587755102040816,"stable":0.8824489795918368},"06":{"decrease":0.0,"increase":0.05489795918367345,"stable":0.8902040816326531},"08":{"decrease":0.0,"increase":0.2695918367346939,"stable":0.4608163265306122},"09":{"decrease":0.0,"increase":0.0612755102040816,"stable":0.8774489795918368},"10":{"decrease":0.0,"increase":0.00020408163265305,"stable":0.999591836734694},"11":{"decrease":0.0,"increase":0.0,"stable":1.0},"12":{"decrease":0.00107142857142855,"increase":0.3337244897959183,"stable":0.3304081632653061},"13":{"decrease":0.0,"increase":0.1333163265306122,"stable":0.7333673469387755},"15":{"decrease":0.0,"increase":0.0473469387755102,"stable":0.9053061224489796},"16":{"decrease":0.0,"increase":0.1214795918367347,"stable":0.7570408163265306},"17":{"decrease":0.0,"increase":0.04678571428571425,"stable":0.9064285714285716},"18":{"decrease":0.0,"increase":0.1779081632653061,"stable":0.6441836734693878},"19":{"decrease":0.0,"increase":0.06663265306122446,"stable":0.866734693877551},"20":{"decrease":0.0,"increase":0.0086734693877551,"stable":0.9826530612244898},"21":{"decrease":0.0,"increase":0.12474489795918366,"stable":0.7505102040816326},"22":{"decrease":0.0002551020408163,"increase":0.411734693877551,"stable":0.1760204081632653},"23":{"decrease":0.0,"increase":0.0,"stable":1.0},"24":{"decrease":0.0,"increase":0.1749489795918367,"stable":0.6501020408163265},"25":{"decrease":0.0,"increase":0.11948979591836735,"stable":0.7610204081632653},"26":{"decrease":0.0,"increase":0.06872448979591834,"stable":0.8625510204081632},"27":{"decrease":0.0,"increase":0.0127551020408163,"stable":0.9744897959183674},"28":{"decrease":0.0,"increase":0.1490816326530612,"stable":0.7018367346938775},"29":{"decrease":0.0,"increase":0.05005102040816325,"stable":0.8998979591836734},"30":{"decrease":0.0,"increase":0.0,"stable":1.0},"31":{"decrease":0.0,"increase":0.0154081632653061,"stable":0.9691836734693876},"32":{"decrease":0.0,"increase":0.16209183673469385,"stable":0.6758163265306123},"33":{"decrease":0.0,"increase":0.0,"stable":1.0},"34":{"decrease":0.0,"increase":0.1702551020408163,"stable":0.6594897959183673},"35":{"decrease":0.0,"increase":0.1306122448979592,"stable":0.7387755102040816},"36":{"decrease":0.0,"increase":0.30392857142857144,"stable":0.3921428571428571},"37":{"decrease":0.0,"increase":0.24979591836734694,"stable":0.5004081632653061},"38":{"decrease":0.0,"increase":0.0,"stable":1.0},"39":{"decrease":0.0,"increase":0.0983673469387755,"stable":0.803265306122449},"40":{"decrease":0.0,"increase":0.0179081632653061,"stable":0.9641836734693876},"41":{"decrease":0.0,"increase":0.00183673469387755,"stable":0.9963265306122449},"42":{"decrease":0.00576530612244895,"increase":0.27372448979591835,"stable":0.4410204081632653},"44":{"decrease":0.0,"increase":0.0144897959183673,"stable":0.9710204081632652},"45":{"decrease":0.0,"increase":0.0775,"stable":0.845},"46":{"decrease":0.0,"increase":0.0001020408163265,"stable":0.9997959183673468},"47":{"decrease":5.102040816325e-05,"increase":0.15107142857142855,"stable":0.6977551020408164},"48":{"decrease":0.0,"increase":0.2540816326530612,"stable":0.4918367346938775},"49":{"decrease":0.0,"increase":0.08311224489795915,"stable":0.8337755102040816},"50":{"decrease":0.0,"increase":0.0,"stable":1.0},"51":{"decrease":0.0,"increase":0.0789795918367347,"stable":0.8420408163265306},"53":{"decrease":0.0,"increase":0.0090816326530612,"stable":0.9818367346938776},"54":{"decrease":0.0,"increase":0.0015816326530612,"stable":0.9968367346938776},"55":{"decrease":0.0,"increase":0.0,"stable":1.0},"56":{"decrease":0.0,"increase":0.0,"stable":1.0},"72":{"decrease":0.0015816326530612,"increase":0.47066326530612246,"stable":0.0555102040816326},"US":{"decrease":0.0,"increase":0.1235,"stable":0.753}},"2025-11-29":{"01":{"decrease":0.0,"increase":0.14433673469387756,"stable":0.7113265306122449},"02":{"decrease":0.0,"increase":0.0,"stable":1.0},"04":{"decrease":0.0008673469387755,"increase":0.2457142857142857,"stable":0.5068367346938776},"05":{"decrease":0.00015306122448975,"increase":0.421173469387755,"stable":0.1573469387755102},"06":{"decrease":0.0,"increase":0.02535714285714285,"stable":0.9492857142857144},"08":{"decrease":0.00015306122448975,"increase":0.3639795918367347,"stable":0.271734693877551},"09":{"decrease":0.0,"increase":0.16357142857142856,"stable":0.6728571428571428},"10":{"decrease":0.0,"increase":0.0033673469387755,"stable":0.993265306122449},"11":{"decrease":0.0,"increase":0.17622448979591837,"stable":0.6475510204081633},"12":{"decrease":0.0107142857142857,"increase":0.3318367346938775,"stable":0.3148979591836734},"13":{"decrease":5.102040816325e-05,"increase":0.1627551020408163,"stable":0.6743877551020409},"15":{"decrease":0.0,"increase":0.3932653061224489,"stable":0.213469387755102},"16":{"decrease":0.0,"increase":0.1874489795918367,"stable":0.6251020408163265},"17":{"decrease":0.0,"increase":0.13683673469387755,"stable":0.726326530612245},"18":{"decrease":0.0,"increase":0.2111734693877551,"stable":0.5776530612244898},"19":{"decrease":0.0,"increase":0.0548469387755102,"stable":0.8903061224489796},"20":{"decrease":0.0,"increase":0.00193877551020405,"stable":0.9961224489795918},"21":{"decrease":0.0,"increase":0.1062755102040816,"stable":0.7874489795918367},"22":{"decrease":0.0133163265306122,"increase":0.3420408163265306,"stable":0.2892857142857143},"23":{"decrease":0.0,"increase":0.00168367346938775,"stable":0.9966326530612244},"24":{"decrease":0.0,"increase":0.2001530612244898,"stable":0.5996938775510204},"25":{"decrease":0.0,"increase":0.1439795918367347,"stable":0.7120408163265306},"26":{"decrease":0.0,"increase":0.10326530612244895,"stable":0.793469387755102},"27":{"decrease":0.0,"increase":0.1821428571428571,"stable":0.6357142857142857},"28":{"decrease":0.00020408163265305,"increase":0.1411734693877551,"stable":0.7172448979591837},"29":{"decrease":0.0,"increase":0.05448979591836735,"stable":0.8910204081632653},"30":{"decrease":0.0,"increase":0.0002551020408163,"stable":0.9994897959183674},"31":{"decrease":0.0,"increase":0.00265306122448975,"stable":0.9946938775510203},"32":{"decrease":0.0,"increase":0.0723469387755102,"stable":0.8553061224489796},"33":{"decrease":0.0,"increase":0.0861734693877551,"stable":0.8276530612244898},"34":{"decrease":0.0,"increase":0.15647959183673465,"stable":0.6870408163265306},"35":{"decrease":0.0,"increase":0.1368877551020408,"stable":0.7262244897959184},"36":{"decrease":0.00035714285714285,"increase":0.33280612244897956,"stable":0.3336734693877551},"37":{"decrease":0.0036224489795918,"increase":0.26030612244897955,"stable":0.4721428571428571},"38":{"decrease":0.0,"increase":0.0,"stable":1.0},"39":{"decrease":0.0,"increase":0.2075,"stable":0.585},"40":{"decrease":0.0,"increase":0.0780612244897959,"stable":0.8438775510204082},"41":{"decrease":0.0,"increase":0.0977551020408163,"stable":0.8044897959183673},"42":{"decrease":0.015,"increase":0.2842857142857143,"stable":0.4014285714285714},"44":{"decrease":0.0,"increase":0.0,"stable":1.0},"45":{"decrease":0.0,"increase":0.17918367346938774,"stable":0.6416326530612245},"46":{"decrease":0.0,"increase":0.0043877551020408,"stable":0.9912244897959184},"47":{"decrease":0.0007142857142857,"increase":0.1205612244897959,"stable":0.7574489795918368},"48":{"decrease":0.000969387755102,"increase":0.2568367346938776,"stable":0.4843877551020408},"49":{"decrease":0.0,"increase":0.13816326530612244,"stable":0.7236734693877551},"50":{"decrease":0.0,"increase":0.0,"stable":1.0},"51":{"decrease":0.0,"increase":0.1714795918367347,"stable":0.6570408163265307},"53":{"decrease":0.0,"increase":0.0761734693877551,"stable":0.8476530612244898},"54":{"decrease":0.0,"increase":0.06622448979591836,