{"CEPH-Rtrend_fluH":{"2025-11-22":{"01":{"decrease":0.0,"increase":0.16122448979591836,"stable":0.6775510204081633},"02":{"decrease":0.0,"increase":0.0,"stable":1.0},"04":{"decrease":0.0,"increase":0.18678571428571425,"stable":0.6264285714285714},"05":{"decrease":0.0,"increase":0.0587755102040816,"stable":0.8824489795918368},"06":{"decrease":0.0,"increase":0.05489795918367345,"stable":0.8902040816326531},"08":{"decrease":0.0,"increase":0.2695918367346939,"stable":0.4608163265306122},"09":{"decrease":0.0,"increase":0.0612755102040816,"stable":0.8774489795918368},"10":{"decrease":0.0,"increase":0.00020408163265305,"stable":0.999591836734694},"11":{"decrease":0.0,"increase":0.0,"stable":1.0},"12":{"decrease":0.00107142857142855,"increase":0.3337244897959183,"stable":0.3304081632653061},"13":{"decrease":0.0,"increase":0.1333163265306122,"stable":0.7333673469387755},"15":{"decrease":0.0,"increase":0.0473469387755102,"stable":0.9053061224489796},"16":{"decrease":0.0,"increase":0.1214795918367347,"stable":0.7570408163265306},"17":{"decrease":0.0,"increase":0.04678571428571425,"stable":0.9064285714285716},"18":{"decrease":0.0,"increase":0.1779081632653061,"stable":0.6441836734693878},"19":{"decrease":0.0,"increase":0.06663265306122446,"stable":0.866734693877551},"20":{"decrease":0.0,"increase":0.0086734693877551,"stable":0.9826530612244898},"21":{"decrease":0.0,"increase":0.12474489795918366,"stable":0.7505102040816326},"22":{"decrease":0.0002551020408163,"increase":0.411734693877551,"stable":0.1760204081632653},"23":{"decrease":0.0,"increase":0.0,"stable":1.0},"24":{"decrease":0.0,"increase":0.1749489795918367,"stable":0.6501020408163265},"25":{"decrease":0.0,"increase":0.11948979591836735,"stable":0.7610204081632653},"26":{"decrease":0.0,"increase":0.06872448979591834,"stable":0.8625510204081632},"27":{"decrease":0.0,"increase":0.0127551020408163,"stable":0.9744897959183674},"28":{"decrease":0.0,"increase":0.1490816326530612,"stable":0.7018367346938775},"29":{"decrease":0.0,"increase":0.05005102040816325,"stable":0.8998979591836734},"30":{"decrease":0.0,"increase":0.0,"stable":1.0},"31":{"decrease":0.0,"increase":0.0154081632653061,"stable":0.9691836734693876},"32":{"decrease":0.0,"increase":0.16209183673469385,"stable":0.6758163265306123},"33":{"decrease":0.0,"increase":0.0,"stable":1.0},"34":{"decrease":0.0,"increase":0.1702551020408163,"stable":0.6594897959183673},"35":{"decrease":0.0,"increase":0.1306122448979592,"stable":0.7387755102040816},"36":{"decrease":0.0,"increase":0.30392857142857144,"stable":0.3921428571428571},"37":{"decrease":0.0,"increase":0.24979591836734694,"stable":0.5004081632653061},"38":{"decrease":0.0,"increase":0.0,"stable":1.0},"39":{"decrease":0.0,"increase":0.0983673469387755,"stable":0.803265306122449},"40":{"decrease":0.0,"increase":0.0179081632653061,"stable":0.9641836734693876},"41":{"decrease":0.0,"increase":0.00183673469387755,"stable":0.9963265306122449},"42":{"decrease":0.00576530612244895,"increase":0.27372448979591835,"stable":0.4410204081632653},"44":{"decrease":0.0,"increase":0.0144897959183673,"stable":0.9710204081632652},"45":{"decrease":0.0,"increase":0.0775,"stable":0.845},"46":{"decrease":0.0,"increase":0.0001020408163265,"stable":0.9997959183673468},"47":{"decrease":5.102040816325e-05,"increase":0.15107142857142855,"stable":0.6977551020408164},"48":{"decrease":0.0,"increase":0.2540816326530612,"stable":0.4918367346938775},"49":{"decrease":0.0,"increase":0.08311224489795915,"stable":0.8337755102040816},"50":{"decrease":0.0,"increase":0.0,"stable":1.0},"51":{"decrease":0.0,"increase":0.0789795918367347,"stable":0.8420408163265306},"53":{"decrease":0.0,"increase":0.0090816326530612,"stable":0.9818367346938776},"54":{"decrease":0.0,"increase":0.0015816326530612,"stable":0.9968367346938776},"55":{"decrease":0.0,"increase":0.0,"stable":1.0},"56":{"decrease":0.0,"increase":0.0,"stable":1.0},"72":{"decrease":0.0015816326530612,"increase":0.47066326530612246,"stable":0.0555102040816326},"US":{"decrease":0.0,"increase":0.1235,"stable":0.753}}},"FluSight-ensemble":{"2025-11-22":{"01":{"decrease":0.0251395346563266,"increase":0.1116933024471003,"stable":0.7263343257931462},"02":{"decrease":0.025111111111111105,"increase":0.03636536264806,"stable":0.8770470524816577},"04":{"decrease":0.00011419285093527767,"increase":0.1117818783114143,"stable":0.7762078576753009},"05":{"decrease":0.02150186718461196,"increase":0.09818093703496364,"stable":0.7606343915608487},"06":{"decrease":0.010342731101957537,"increase":0.07116178688973245,"stable":0.83699096401662},"08":{"decrease":0.030824471242440123,"increase":0.14098655151621206,"stable":0.6563779544826955},"09":{"decrease":0.006076430625354852,"increase":0.1100893758710676,"stable":0.7676683870071549},"10":{"decrease":0.025111111111111105,"increase":0.04881133790664975,"stable":0.8521551019644782},"11":{"decrease":0.019555555555555555,"increase":0.04845913289772765,"stable":0.8639706230934334},"12":{"decrease":0.04780064694198924,"increase":0.1837273954054749,"stable":0.5369439153050717},"13":{"decrease":0.012201764186351584,"increase":0.09659999742936286,"stable":0.7823964767685709},"15":{"decrease":0.038454191814632936,"increase":0.0947720094745055,"stable":0.7335475974217229},"16":{"decrease":0.009702350089809849,"increase":0.12149086085794505,"stable":0.73761357810449},"17":{"decrease":0.00723438187214586,"increase":0.08505694561066306,"stable":0.8154173450343818},"18":{"decrease":0.03694931087507816,"increase":0.10901622378512695,"stable":0.7080689306795898},"19":{"decrease":0.0001692762309243495,"increase":0.0724705579304174,"stable":0.8547203316773165},"20":{"decrease":0.000723035064447857,"increase":0.08450010403596306,"stable":0.8295537217991781},"21":{"decrease":0.023919124213845653,"increase":0.11646058042077015,"stable":0.7192405907307683},"22":{"decrease":0.05728144284829275,"increase":0.2222446246149295,"stable":0.4409478650735553},"23":{"decrease":0.011222222473308877,"increase":0.0514553517910524,"stable":0.8746448514712774},"24":{"decrease":0.03116972650907484,"increase":0.11717297044588024,"stable":0.7033146060900894},"25":{"decrease":0.01731209779549812,"increase":0.1029730677183177,"stable":0.7594296689723682},"26":{"decrease":0.0031010618087234216,"increase":0.06960507146861031,"stable":0.8545877334453323},"27":{"decrease":0.00015364103769266452,"increase":0.08100477309358674,"stable":0.837683171737441},"28":{"decrease":0.037645502692908686,"increase":0.11404905787623991,"stable":0.6966108788617028},"29":{"decrease":0.020089831044775106,"increase":0.09310778347218926,"stable":0.773604770966071},"30":{"decrease":0.0130555555555555,"increase":0.057841109074505855,"stable":0.8582066707398771},"31":{"decrease":0.025111111111111105,"increase":0.037586688048426006,"stable":0.8746044016809258},"32":{"decrease":0.027404756070197062,"increase":0.13252490734582972,"stable":0.6801406731679464},"33":{"decrease":0.0056666666666667425,"increase":0.0380577251342585,"stable":0.9125512163981494},"34":{"decrease":0.02544759755147017,"increase":0.14078964653560389,"stable":0.6675255118258517},"35":{"decrease":0.015227867851609265,"increase":0.12543623482475935,"stable":0.7186717946472626},"36":{"decrease":0.026999935859850045,"increase":0.1742133058021445,"stable":0.5975735166760109},"37":{"decrease":0.028944348462481482,"increase":0.14369828322594014,"stable":0.6547147366231565},"38":{"decrease":0.025111111111111105,"increase":0.06308235532715765,"stable":0.8236130671234625},"39":{"decrease":0.008938011426128782,"increase":0.10710567631394505,"stable":0.7679126245198522},"40":{"decrease":0.0001463931971407245,"increase":0.0874866296761524,"stable":0.8247339542534137},"41":{"decrease":0.00012136734165810853,"increase":0.09591729204194115,"stable":0.8079226812328014},"42":{"decrease":0.051147984885788644,"increase":0.16983893873998165,"stable":0.5580261527484591},"44":{"decrease":0.009833906562856948,"increase":0.056791932933049905,"stable":0.866748321008186},